Title,Price,Date
Sony PS4 God of War (Playstation 4),816.00,2022-01-22
Sony PS4 God of War (Playstation 4),816.00,2022-01-22
Sony PS4 God of War (Playstation 4),816.00,2022-01-22
Sony PS4 God of War (Playstation 4),816.00,2022-01-22
Sony PS4 God of War (Playstation 4),816.00,2022-01-22
Sony PS4 God of War (Playstation 4),816.00,2022-01-22
Sony PS4 God of War (Playstation 4),816.00,2022-01-22
Sony PS4 God of War (Playstation 4),816.00,2022-01-22
Sony PS4 God of War (Playstation 4),816.00,2022-01-22
Sony PS4 God of War (Playstation 4),816.00,2022-01-22
Sony PS4 God of War (Playstation 4),816.00,2022-01-22
Sony PS4 God of War (Playstation 4),816.00,2022-01-22
Sony PS4 God of War (Playstation 4),816.00,2022-01-22
